building,predicted values,real values 
1976.5,332.822,332
1973.916667,327.569,328
1970.25,326.381,327
1966.5,322.1,322
1990.583333,350.754,352
1960.75,314.004,313
1967.916667,320.432,321
1993.416667,357.31,359
1979.833333,335.072,335
1975.5,331.882,331
1989.333333,354.064,355
1987.916667,350.934,348
1985.333333,347.197,348
1988.0,351.322,350
1981.666667,337.78,336
1994.333333,359.991,361
1982.583333,338.193,339
1988.333333,352.826,354
1960.0,315.361,316
1991.583333,353.297,353
1997.083333,364.129,364
1978.166667,334.87,336
1985.583333,343.142,344
1997.916667,361.348,363
1968.833333,321.581,321
1983.416667,344.339,345
1974.666667,328.574,327
1984.75,341.229,341
1959.833333,314.364,314
1960.25,317.479,318
1977.75,332.195,330
1970.0,323.337,324
1976.083333,332.484,332
1985.416667,346.363,348
1959.083333,315.959,316
1984.833333,343.709,342
1967.0,320.461,322
1992.083333,356.681,356
1991.833333,353.591,353
1986.25,347.638,349
1995.416667,362.127,363
1977.666667,332.567,331
1972.25,327.558,329
1994.833333,357.951,357
1980.083333,339.048,338
1987.75,348.056,346
1993.333333,358.348,360
1987.666667,348.035,346
1963.5,321.098,319
1962.083333,318.42,318
1997.333333,365.026,366
1990.5,355.685,354
1978.25,336.385,337
1984.5,345.299,345
1985.083333,346.245,345
1965.5,319.868,321
1965.333333,320.544,322
1974.916667,328.579,329
1983.833333,340.036,340
1994.5,358.857,359
1988.583333,349.168,350
1980.0,336.515,337
1995.0,359.599,359
1963.666667,316.241,316
1982.0,339.512,340
1964.0,318.971,319
1959.5,317.018,316
1964.916667,317.449,318
1969.333333,325.857,327
1970.166667,325.234,326
1965.25,320.009,321
1994.083333,358.792,358
1989.666667,350.292,349
1992.75,352.914,353
1983.916667,342.029,342
1977.416667,335.316,336
1997.0,361.783,363
1971.916667,324.423,324
1967.5,322.2,322
1970.833333,324.123,323
1974.5,331.229,333
1971.75,323.546,323
1993.75,353.76,353
1963.916667,316.437,318
1989.583333,352.051,351
1979.083333,336.679,336
1996.75,359.546,359
1964.416667,321.271,321
1992.583333,353.843,354
1972.083333,326.586,327
1987.833333,348.553,347
1963.583333,317.313,317
1983.083333,341.814,342
1971.0,325.336,326
